Workbook

Sheet Лист1
A1: ключ | B1: Дата | C1: Территория | D1: Товарооборот, шт | E1: Товарооборот, руб | F1: Количество складов | G1: Количество заказов | H1: Количество клиентов | I1: Товарооборот на склад | J1: Неделя
A2: =TEXT(B2,"yyyy-mm-dd") & "|" & C2 -> 2020-05-31|Самара | B2: 43982 | C2: Самара | D2: 7944 | E2: 623971.5 | F2: =VLOOKUP(A2,'Лист2'!$A$1:$F$505,4,FALSE) -> 15 | G2: =VLOOKUP(A2,'Лист2'!$A$1:$F$505,5,FALSE) -> 441 | H2: =VLOOKUP(A2,'Лист2'!$A$1:$F$505,6,FALSE) -> 368 | I2: =E2/F2 -> 41598.1 | J2: =WEEKNUM(B2, 2) -> 22
A3: =TEXT(B3,"yyyy-mm-dd") & "|" & C3 -> 2020-05-30|Самара | B3: 43981 | C3: Самара | D3: 10029 | E3: 787101 | F3: =VLOOKUP(A3,'Лист2'!$A$1:$F$505,4,FALSE) -> 15 | G3: =VLOOKUP(A3,'Лист2'!$A$1:$F$505,5,FALSE) -> 490 | H3: =VLOOKUP(A3,'Лист2'!$A$1:$F$505,6,FALSE) -> 409 | I3: =E3/F3 -> 52473.4 | J3: =WEEKNUM(B3, 2) -> 22
A4: =TEXT(B4,"yyyy-mm-dd") & "|" & C4 -> 2020-05-28|Самара | B4: 43979 | C4: Самара | D4: 8536.5 | E4: 643944 | F4: =VLOOKUP(A4,'Лист2'!$A$1:$F$505,4,FALSE) -> 15 | G4: =VLOOKUP(A4,'Лист2'!$A$1:$F$505,5,FALSE) -> 464 | H4: =VLOOKUP(A4,'Лист2'!$A$1:$F$505,6,FALSE) -> 390 | I4: =E4/F4 -> 42929.6 | J4: =WEEKNUM(B4, 2) -> 22
A5: =TEXT(B5,"yyyy-mm-dd") & "|" & C5 -> 2020-05-16|Кемерово | B5: 43967 | C5: Кемерово | D5: 38947.5 | E5: 3395892 | F5: =VLOOKUP(A5,'Лист2'!$A$1:$F$505,4,FALSE) -> 21 | G5: =VLOOKUP(A5,'Лист2'!$A$1:$F$505,5,FALSE) -> 2145 | H5: =VLOOKUP(A5,'Лист2'!$A$1:$F$505,6,FALSE) -> 1947 | I5: =E5/F5 -> 161709.14 | J5: =WEEKNUM(B5, 2) -> 20
A6: =TEXT(B6,"yyyy-mm-dd") & "|" & C6 -> 2020-05-19|Кемерово | B6: 43970 | C6: Кемерово | D6: 31842 | E6: 2771116.5 | F6: =VLOOKUP(A6,'Лист2'!$A$1:$F$505,4,FALSE) -> 21 | G6: =VLOOKUP(A6,'Лист2'!$A$1:$F$505,5,FALSE) -> 1860 | H6: =VLOOKUP(A6,'Лист2'!$A$1:$F$505,6,FALSE) -> 1704 | I6: =E6/F6 -> 131957.93 | J6: =WEEKNUM(B6, 2) -> 21
A7: =TEXT(B7,"yyyy-mm-dd") & "|" & C7 -> 2020-05-17|Кемерово | B7: 43968 | C7: Кемерово | D7: 32023.5 | E7: 2882458.5 | F7: =VLOOKUP(A7,'Лист2'!$A$1:$F$505,4,FALSE) -> 21 | G7: =VLOOKUP(A7,'Лист2'!$A$1:$F$505,5,FALSE) -> 1874 | H7: =VLOOKUP(A7,'Лист2'!$A$1:$F$505,6,FALSE) -> 1705 | I7: =E7/F7 -> 137259.93 | J7: =WEEKNUM(B7, 2) -> 20
A8: =TEXT(B8,"yyyy-mm-dd") & "|" & C8 -> 2020-05-09|Кемерово | B8: 43960 | C8: Кемерово | D8: 31147.5 | E8: 2831019 | F8: =VLOOKUP(A8,'Лист2'!$A$1:$F$505,4,FALSE) -> 21 | G8: =VLOOKUP(A8,'Лист2'!$A$1:$F$505,5,FALSE) -> 1735 | H8: =VLOOKUP(A8,'Лист2'!$A$1:$F$505,6,FALSE) -> 1568 | I8: =E8/F8 -> 134810.43 | J8: =WEEKNUM(B8, 2) -> 19
A9: =TEXT(B9,"yyyy-mm-dd") & "|" & C9 -> 2020-05-04|Кемерово | B9: 43955 | C9: Кемерово | D9: 25566 | E9: 2372310 | F9: =VLOOKUP(A9,'Лист2'!$A$1:$F$505,4,FALSE) -> 20 | G9: =VLOOKUP(A9,'Лист2'!$A$1:$F$505,5,FALSE) -> 1519 | H9: =VLOOKUP(A9,'Лист2'!$A$1:$F$505,6,FALSE) -> 1372 | I9: =E9/F9 -> 118615.5 | J9: =WEEKNUM(B9, 2) -> 19
A10: =TEXT(B10,"yyyy-mm-dd") & "|" & C10 -> 2020-04-29|Кемерово | B10: 43950 | C10: Кемерово | D10: 29319 | E10: 2623480.5 | F10: =VLOOKUP(A10,'Лист2'!$A$1:$F$505,4,FALSE) -> 18 | G10: =VLOOKUP(A10,'Лист2'!$A$1:$F$505,5,FALSE) -> 1684 | H10: =VLOOKUP(A10,'Лист2'!$A$1:$F$505,6,FALSE) -> 1528 | I10: =E10/F10 -> 145748.92 | J10: =WEEKNUM(B10, 2) -> 18
A11: =TEXT(B11,"yyyy-mm-dd") & "|" & C11 -> 2020-05-02|Кемерово | B11: 43953 | C11: Кемерово | D11: 29031 | E11: 2711247 | F11: =VLOOKUP(A11,'Лист2'!$A$1:$F$505,4,FALSE) -> 18 | G11: =VLOOKUP(A11,'Лист2'!$A$1:$F$505,5,FALSE) -> 1708 | H11: =VLOOKUP(A11,'Лист2'!$A$1:$F$505,6,FALSE) -> 1534 | I11: =E11/F11 -> 150624.83 | J11: =WEEKNUM(B11, 2) -> 18
A12: =TEXT(B12,"yyyy-mm-dd") & "|" & C12 -> 2020-05-26|Кемерово | B12: 43977 | C12: Кемерово | D12: 33423 | E12: 2970330 | F12: =VLOOKUP(A12,'Лист2'!$A$1:$F$505,4,FALSE) -> 20 | G12: =VLOOKUP(A12,'Лист2'!$A$1:$F$505,5,FALSE) -> 2044 | H12: =VLOOKUP(A12,'Лист2'!$A$1:$F$505,6,FALSE) -> 1863 | I12: =E12/F12 -> 148516.5 | J12: =WEEKNUM(B12, 2) -> 22
A13: =TEXT(B13,"yyyy-mm-dd") & "|" & C13 -> 2020-05-01|Кемерово | B13: 43952 | C13: Кемерово | D13: 32487 | E13: 3031254 | F13: =VLOOKUP(A13,'Лист2'!$A$1:$F$505,4,FALSE) -> 18 | G13: =VLOOKUP(A13,'Лист2'!$A$1:$F$505,5,FALSE) -> 1826 | H13: =VLOOKUP(A13,'Лист2'!$A$1:$F$505,6,FALSE) -> 1633 | I13: =E13/F13 -> 168403 | J13: =WEEKNUM(B13, 2) -> 18
... A505: =TEXT(B505,"yyyy-mm-dd") & "|" & C505 -> 2020-06-01|Новосибирск | B505: 43983 | C505: Новосибирск | D505: 14238 | E505: 1293219 | F505: =VLOOKUP(A505,'Лист2'!$A$1:$F$505,4,FALSE) -> 18 | G505: =VLOOKUP(A505,'Лист2'!$A$1:$F$505,5,FALSE) -> 923 | H505: =VLOOKUP(A505,'Лист2'!$A$1:$F$505,6,FALSE) -> 824 | I505: =E505/F505 -> 71845.5 | J505: =WEEKNUM(B505, 2) -> 23

Sheet Pivot Table 3
A24: Найти топ-3 территорий по доле в общем товарообороте и топ-3 территорий по товарообороту на склад за последнюю неделю.
A73: Сформировать график с понедельной динамикой товарооборота и товарооборота на склад в целом по всем территориям.

Sheet Лист2
A1: ключ | B1: Дата | C1: Территория | D1: Количество складов | E1: Количество заказов | F1: Количество клиентов
A2: =TEXT(B2,"yyyy-mm-dd") & "|" & C2 -> 2020-04-28|Волгоград | B2: 43949 | C2: Волгоград | D2: 36 | E2: 4923 | F2: 4560
A3: =TEXT(B3,"yyyy-mm-dd") & "|" & C3 -> 2020-04-28|Екатеринбург | B3: 43949 | C3: Екатеринбург | D3: 31 | E3: 5465 | F3: 5096
A4: =TEXT(B4,"yyyy-mm-dd") & "|" & C4 -> 2020-04-28|Казань | B4: 43949 | C4: Казань | D4: 19 | E4: 1846 | F4: 1681
A5: =TEXT(B5,"yyyy-mm-dd") & "|" & C5 -> 2020-04-28|Кемерово | B5: 43949 | C5: Кемерово | D5: 18 | E5: 1539 | F5: 1404
A6: =TEXT(B6,"yyyy-mm-dd") & "|" & C6 -> 2020-04-28|Краснодар | B6: 43949 | C6: Краснодар | D6: 18 | E6: 1505 | F6: 1368
A7: =TEXT(B7,"yyyy-mm-dd") & "|" & C7 -> 2020-04-28|Москва Восток | B7: 43949 | C7: Москва Восток | D7: 54 | E7: 12306 | F7: 11532
A8: =TEXT(B8,"yyyy-mm-dd") & "|" & C8 -> 2020-04-28|Москва Запад | B8: 43949 | C8: Москва Запад | D8: 59 | E8: 12943 | F8: 12072
A9: =TEXT(B9,"yyyy-mm-dd") & "|" & C9 -> 2020-04-28|Нижний Новгород | B9: 43949 | C9: Нижний Новгород | D9: 17 | E9: 1439 | F9: 1265
A10: =TEXT(B10,"yyyy-mm-dd") & "|" & C10 -> 2020-04-28|Новосибирск | B10: 43949 | C10: Новосибирск | D10: 15 | E10: 636 | F10: 547
A11: =TEXT(B11,"yyyy-mm-dd") & "|" & C11 -> 2020-04-28|Пермь | B11: 43949 | C11: Пермь | D11: 15 | E11: 780 | F11: 690
A12: =TEXT(B12,"yyyy-mm-dd") & "|" & C12 -> 2020-04-28|Санкт-Петербург Север | B12: 43949 | C12: Санкт-Петербург Север | D12: 125 | E12: 20914 | F12: 19479
A13: =TEXT(B13,"yyyy-mm-dd") & "|" & C13 -> 2020-04-28|Санкт-Петербург Юг | B13: 43949 | C13: Санкт-Петербург Юг | D13: 128 | E13: 16450 | F13: 15320
... A505: =TEXT(B505,"yyyy-mm-dd") & "|" & C505 -> 2020-06-01|Уфа | B505: 43983 | C505: Уфа | D505: 6 | E505: 237 | F505: 175
